codigo_ibge,total_obitos_saneamento
110004,1
110010,2
110011,1
110012,1
110013,1
110020,5
110025,1
110030,2
110110,1
110155,1
120020,2
120025,1
120030,2
120032,1
120033,1
120034,3
120040,6
120043,4
120050,1
120060,1
130002,1
130006,1
130008,1
130010,1
130030,2
130040,1
130060,3
130063,1
130080,1
130083,1
130110,1
130140,3
130150,3
130160,2
130180,1
130185,3
130190,1
130200,2
130210,1
130230,1
130240,2
130250,2
130260,86
130290,2
130330,2
130340,1
130360,2
130370,1
130380,13
130390,5
130406,1
130430,1
130440,2
140002,5
140005,11
140010,4
140020,3
140040,2
140070,4
150010,1
150060,9
150080,12
150090,2
150100,1
150110,1
150120,1
150130,1
150140,41
150150,1
150170,1
150178,2
150180,3
150210,2
150220,1
150230,2
150240,3
150270,2
150276,2
150277,1
150290,2
150309,1
150330,2
150360,1
150375,1
150380,1
150405,1
150420,1
150440,2
150460,2
150470,1
150480,2
150490,1
150500,1
150503,1
150520,2
150530,2
150543,2
150550,1
150553,3
150570,1
150580,1
150590,1
150611,2
150613,1
150618,2
150620,1
150650,1
150655,1
150680,5
150710,1
150715,4
150740,1
150760,2
150775,1
150795,1
150800,2
150803,3
150810,2
150812,1
150815,1
150820,1
150830,1
160030,4
160050,2
160060,2
170200,1
170210,1
170255,1
170270,1
170550,1
170700,1
170825,1
170900,1
171190,2
171830,1
172100,3
172110,1
210000,1
210005,2
210010,1
210030,2
210060,1
210070,1
210087,1
210090,1
210095,1
210100,1
210120,2
210135,1
210140,1
210160,3
210173,1
210180,1
210203,2
210210,2
210232,2
210270,1
210300,12
210320,1
210330,2
210340,3
210350,2
210360,2
210408,1
210470,1
210480,3
210510,1
210515,1
210520,1
210530,6
210535,1
210540,2
210542,2
210547,1
210565,1
210570,1
210580,1
210600,1
210632,1
210663,1
210667,1
210690,2
210700,1
210745,1
210770,1
210820,3
210830,1
210845,1
210860,1
210870,1
210880,1
210910,1
210945,1
210950,1
210990,1
211020,1
211030,1
211050,1
211070,1
211107,1
211120,5
211130,14
211140,1
211150,1
211160,1
211180,1
211190,1
211200,1
211220,12
211223,1
211280,1
211300,2
220000,1
220020,1
220025,1
220030,1
220040,2
220155,1
220160,1
220191,1
220196,1
220202,1
220208,1
220210,1
220220,1
220230,2
220277,1
220290,1
220310,1
220370,1
220390,3
220430,1
220450,1
220500,1
220510,1
220550,1
220552,1
220555,1
220570,1
220580,2
220595,1
220620,1
220660,1
220695,1
220735,1
220770,4
220779,1
220785,1
220790,3
220800,5
220840,2
220850,2
220865,1
220965,1
221020,1
221037,1
221040,1
221060,3
221070,1
221100,40
221110,1
230010,1
230030,1
230050,2
230075,1
230100,1
230120,1
230160,1
230170,1
230190,4
230195,1
230210,2
230230,1
230240,2
230250,2
230280,1
230300,1
230340,3
230360,2
230370,12
230390,1
230395,1
230400,1
230420,4
230428,1
230430,1
230435,1
230440,72
230465,1
230490,2
230533,1
230550,3
230590,1
230630,1
230640,1
230650,1
230655,2
230670,1
230690,1
230710,1
230725,1
230730,6
230740,2
230760,2
230765,6
230780,2
230800,3
230830,2
230850,2
230870,3
230890,1
230900,1
230920,1
230960,2
230970,1
230990,1
231020,1
231025,2
231030,1
231040,1
231050,1
231070,2
231080,2
231140,4
231180,2
231190,1
231200,2
231210,1
231220,1
231240,1
231250,1
231270,2
231280,1
231290,12
231300,2
231320,2
231325,1
231340,5
231350,1
231360,2
231375,1
231390,2
231395,2
231400,3
240050,3
240080,1
240100,2
240120,2
240130,1
240200,8
240270,1
240310,2
240325,9
240500,1
240510,2
240540,1
240560,2
240570,4
240580,1
240610,4
240660,1
240680,1
240700,1
240710,2
240780,1
240800,1
240810,47
240820,1
240850,1
240890,1
240930,2
240940,1
241030,1
241080,1
241150,1
241180,1
241200,7
241210,1
241220,4
241250,1
241260,1
241270,1
241280,1
241310,1
241335,1
241390,1
241415,1
241440,1
241450,1
241460,1
250060,1
250070,1
250100,1
250110,1
250150,1
250180,3
250190,2
250210,1
250220,1
250320,1
250350,1
250370,1
250460,1
250490,1
250560,1
250600,1
250630,3
250640,2
250750,13
250890,1
251010,2
251080,2
251090,1
251120,2
251160,1
251207,3
251210,3
251230,1
251272,1
251335,1
251370,1
251390,1
251398,1
251450,1
251490,1
251530,3
251597,1
251630,1
251670,1
251690,3
260000,2
260005,4
260030,1
260050,1
260060,1
260070,1
260105,1
260120,3
260170,1
260180,2
260190,1
260220,2
260230,1
260260,1
260270,1
260280,1
260290,3
260345,4
260360,1
260390,1
260400,1
260410,14
260440,3
260450,1
260510,1
260515,1
260530,1
260560,1
260590,1
260600,9
260640,2
260650,1
260680,1
260730,1
260765,1
260790,16
260800,2
260810,1
260825,1
260830,1
260850,1
260875,1
260890,3
260910,1
260915,1
260920,1
260930,1
260940,2
260950,2
260960,13
260990,2
261000,1
261050,1
261070,8
261080,1
261090,1
261100,1
261110,4
261130,1
261150,1
261160,67
261180,1
261190,2
261220,5
261245,1
261250,1
261255,2
261300,3
261310,1
261330,1
261340,1
261350,1
261360,1
261370,3
261390,3
261400,1
261410,2
261420,1
261450,4
261460,1
261470,1
261480,2
261485,2
261500,1
261530,1
261540,1
261550,1
261560,3
261570,1
261610,2
261630,1
261640,3
261650,1
270010,1
270030,8
270040,3
270080,1
270170,1
270180,1
270230,1
270240,2
270250,1
270260,1
270290,1
270310,1
270320,1
270380,1
270420,2
270430,28
270440,1
270470,2
270600,1
270630,3
270710,1
270730,2
270740,1
270770,3
270800,2
270830,2
270840,1
270850,1
270880,2
270890,1
270900,1
270915,2
270920,1
270930,3
270940,2
280020,1
280030,13
280060,1
280067,3
280100,2
280130,2
280140,1
280160,2
280210,5
280230,1
280280,1
280290,1
280300,3
280340,1
280350,4
280380,1
280450,2
280460,1
280470,2
280480,4
280550,1
280570,2
280580,1
280590,1
280620,1
280630,1
280640,2
280670,3
280680,1
280710,3
280740,2
290000,1
290035,1
290050,1
290070,4
290120,1
290205,1
290210,2
290260,1
290280,2
290290,2
290300,2
290320,3
290323,3
290327,1
290340,1
290390,2
290430,1
290450,1
290475,2
290530,2
290570,4
290590,1
290600,1
290620,3
290670,1
290682,1
290687,1
290720,1
290750,1
290760,1
290780,2
290840,1
290850,1
290910,1
290960,1
290980,1
291005,5
291060,1
291070,1
291072,3
291080,8
291110,1
291125,1
291170,2
291180,1
291190,1
291240,1
291260,1
291300,1
291310,2
291360,3
291370,2
291380,1
291400,1
291430,1
291440,1
291460,5
291470,1
291480,4
291500,1
291580,1
291600,1
291620,2
291640,4
291685,1
291700,3
291720,1
291750,4
291800,4
291840,9
291915,1
291920,3
291950,1
291970,1
291980,3
292045,1
292050,1
292100,2
292110,1
292150,1
292160,1
292180,1
292210,1
292250,1
292290,2
292303,1
292320,1
292340,1
292360,2
292370,2
292400,7
292420,1
292440,1
292450,1
292460,1
292465,1
292520,1
292530,2
292560,4
292593,2
292600,1
292650,1
292670,1
292710,1
292720,1
292730,1
292740,66
292760,1
292805,1
292810,1
292820,1
292850,1
292870,1
292920,1
292925,1
292930,2
292937,1
292990,1
293000,1
293010,1
293030,1
293040,2
293060,2
293090,1
293120,1
293135,2
293180,1
293240,1
293300,1
293315,1
293330,2
293350,1
310090,1
310100,1
310150,1
310160,1
310170,1
310190,1
310200,2
310205,2
310210,1
310260,1
310300,1
310350,2
310370,1
310400,1
310410,2
310590,1
310600,1
310620,40
310630,1
310670,3
310710,1
310740,2
310770,1
310840,2
310870,1
310900,1
310920,1
310940,1
311010,1
311030,1
311070,1
311100,2
311120,1
311160,1
311230,1
311250,1
311320,1
311340,1
311350,1
311530,3
311690,1
311710,2
311750,1
311800,1
311830,1
311860,4
311940,4
312090,4
312160,2
312230,1
312320,1
312385,1
312420,3
312560,1
312600,1
312610,1
312670,1
312705,1
312707,1
312710,2
312770,3
312810,1
312830,2
312870,1
312970,1
313115,1
313130,2
313170,3
313190,2
313200,1
313230,1
313240,3
313250,1
313260,1
313270,1
313300,1
313340,1
313370,1
313375,1
313380,1
313420,2
313440,4
313470,1
313490,3
313520,2
313580,3
313600,1
313630,2
313655,1
313665,1
313670,5
313750,1
313810,1
313820,2
313865,1
313867,1
313868,1
313890,1
313900,2
314000,2
314050,1
314090,1
314260,2
314280,1
314290,1
314300,1
314320,1
314330,8
314410,2
314430,2
314470,1
314480,1
314520,1
314530,1
314537,1
314560,1
314590,2
314600,2
314625,1
314630,1
314660,1
314700,2
314720,2
314730,1
314740,1
314790,3
314800,3
314810,2
314870,2
314875,1
314930,3
314940,1
315120,1
315140,2
315170,1
315180,5
315200,1
315220,1
315230,1
315240,1
315250,5
315280,1
315400,3
315420,2
315460,2
315560,1
315570,2
315580,1
315660,1
315690,1
315700,3
315770,1
315780,2
315790,1
315810,1
315820,1
315890,1
315960,1
316040,2
316080,1
316200,1
316240,1
316390,1
316420,1
316500,1
316530,1
316540,1
316590,1
316640,1
316710,1
316720,2
316770,1
316800,1
316810,1
316860,1
316940,1
316970,3
317000,1
317010,9
317020,9
317070,3
317120,3
317130,1
317210,1
320013,1
320060,2
320080,1
320115,1
320120,2
320130,4
320140,3
320160,1
320240,1
320245,2
320250,1
320310,1
320313,1
320316,1
320320,1
320332,2
320340,1
320410,1
320420,1
320455,2
320460,1
320490,5
320495,1
320500,8
320501,1
320510,2
320520,6
320530,8
330015,1
330025,1
330030,1
330045,4
330050,2
330070,1
330100,8
330120,1
330150,1
330170,14
330187,1
330190,2
330200,2
330220,1
330227,3
330240,1
330250,2
330270,3
330285,2
330320,2
330330,8
330340,1
330350,4
330370,1
330385,1
330390,5
330410,1
330411,1
330414,1
330452,1
330455,75
330475,1
330490,7
330510,8
330513,1
330520,1
330575,2
330580,1
330600,1
330620,2
330630,2
350000,1
350080,1
350160,5
350210,2
350280,2
350320,3
350330,1
350370,2
350390,2
350400,3
350410,1
350450,1
350460,1
350480,1
350500,1
350550,1
350570,4
350580,1
350590,1
350600,3
350610,2
350635,1
350660,1
350700,1
350750,8
350760,1
350780,1
350850,2
350900,1
350920,2
350950,21
350960,2
350970,1
351050,1
351060,6
351100,1
351110,4
351140,1
351150,2
351200,1
351210,1
351230,1
351300,4
351310,1
351350,1
351370,2
351380,5
351440,1
351500,4
351510,2
351518,1
351540,1
351570,2
351620,7
351750,2
351760,2
351780,1
351790,1
351870,1
351880,24
351907,2
351960,1
351970,3
352020,1
352044,1
352050,2
352100,1
352210,2
352220,3
352230,1
352250,9
352260,4
352280,1
352310,6
352360,1
352400,1
352410,2
352430,3
352440,2
352470,2
352480,1
352500,1
352590,16
352610,1
352670,2
352680,1
352690,5
352710,1
352730,2
352740,2
352800,1
352850,1
352860,1
352885,1
352900,7
352930,1
352940,4
352970,1
352990,1
353030,3
353050,1
353060,19
353070,2
353080,1
353110,1
353130,2
353170,1
353190,2
353310,1
353320,1
353340,2
353350,1
353440,10
353480,1
353490,1
353520,1
353540,1
353550,1
353630,1
353650,1
353700,1
353710,2
353730,5
353760,2
353800,1
353810,1
353860,2
353870,10
353920,1
353930,5
353940,1
353980,1
354020,2
354050,1
354070,3
354090,1
354100,10
354140,7
354200,1
354220,2
354280,1
354330,1
354340,10
354390,1
354400,2
354410,1
354530,1
354580,2
354600,1
354660,1
354670,1
354750,1
354760,1
354780,20
354800,1
354850,6
354870,14
354880,4
354890,7
354970,1
354980,12
354990,8
355000,1
355010,1
355020,1
355030,318
355060,1
355100,9
355150,1
355160,1
355190,1
355200,1
355220,8
355240,1
355250,2
355280,6
355290,1
355300,1
355320,1
355370,1
355380,1
355410,8
355450,1
355480,1
355500,1
355540,2
355560,3
355620,3
355640,3
355650,3
355670,3
355680,1
355700,1
355710,2
410050,1
410100,5
410140,4
410150,5
410180,3
410190,1
410200,1
410240,2
410260,2
410290,1
410360,1
410370,2
410400,1
410420,1
410480,10
410580,4
410590,2
410630,1
410650,2
410660,1
410670,1
410680,1
410690,39
410760,1
410765,2
410830,1
410832,1
410850,1
410860,2
410930,1
410940,4
410970,1
410980,1
411050,1
411070,2
411170,1
411180,1
411220,1
411330,2
411360,1
411370,10
411390,1
411460,2
411490,2
411520,5
411570,1
411580,3
411585,1
411620,1
411640,1
411670,1
411725,1
411730,1
411760,1
411770,1
411810,1
411820,2
411840,1
411850,1
411910,1
411915,2
411960,2
411990,5
412000,1
412040,1
412160,1
412240,1
412265,1
412300,1
412340,1
412400,1
412550,8
412580,1
412600,1
412710,1
412750,1
412770,8
412780,1
412796,1
412800,1
412810,2
412820,1
420120,1
420130,1
420165,1
420200,2
420230,2
420240,3
420290,1
420320,1
420370,1
420380,1
420390,2
420417,1
420420,3
420430,2
420460,4
420540,4
420550,2
420590,2
420600,1
420650,1
420700,1
420730,3
420820,2
420910,6
420930,2
420950,2
420970,1
421010,1
421040,1
421130,1
421150,1
421160,1
421170,2
421187,1
421190,1
421265,1
421320,2
421340,1
421380,1
421400,1
421480,3
421500,2
421540,1
421620,3
421660,3
421725,1
421780,1
421830,2
421840,1
421870,2
421900,1
421930,1
421950,3
421970,1
430010,1
430030,1
430040,1
430060,2
430090,1
430100,1
430120,1
430130,1
430190,1
430200,1
430210,2
430230,1
430245,2
430290,2
430300,1
430310,2
430340,1
430350,2
430390,1
430420,2
430430,1
430440,1
430450,1
430460,7
430462,1
430468,1
430469,1
430470,1
430510,13
430511,1
430535,1
430540,1
430550,1
430570,1
430607,1
430610,2
430640,1
430655,1
430660,1
430680,1
430690,1
430700,1
430755,1
430770,2
430790,1
430850,3
430860,2
430890,1
430920,2
430930,2
430980,1
431000,1
431010,1
431020,4
431036,1
431055,1
431057,1
431060,1
431080,1
431110,1
431125,1
431130,1
431240,1
431244,1
431247,1
431308,1
431330,1
431340,9
431342,1
431350,1
431380,1
431390,1
431400,1
431410,10
431420,1
431430,1
431440,5
431460,1
431480,1
431490,24
431540,1
431560,6
431570,1
431610,1
431640,1
431645,1
431670,1
431680,1
431690,4
431710,1
431720,5
431730,1
431750,1
431760,2
431805,1
431810,1
431820,1
431844,2
431849,1
431850,1
431870,3
431890,1
431930,1
431935,1
432000,2
432010,1
432035,1
432040,2
432070,1
432080,1
432130,2
432132,1
432162,1
432166,1
432190,2
432200,1
432218,1
432220,1
432225,1
432240,1
432250,2
432253,1
432260,1
432270,2
432300,3
432320,1
500060,1
500090,1
500110,1
500124,1
500220,1
500240,2
500270,17
500290,2
500315,1
500320,4
500345,1
500370,6
500400,1
500450,1
500480,1
500500,1
500540,1
500630,3
500660,4
500710,1
500795,1
500800,1
510020,1
510030,1
510035,1
510180,1
510250,3
510260,4
510267,1
510270,2
510300,1
510320,1
510325,1
510340,11
510370,2
510390,2
510410,1
510515,2
510550,1
510617,2
510619,1
510625,1
510642,6
510675,1
510704,1
510710,3
510760,1
510790,3
510840,4
520025,3
520030,2
520110,6
520130,1
520140,10
520160,1
520280,1
520330,3
520396,1
520410,1
520450,1
520490,1
520500,1
520549,1
520620,1
520670,1
520800,2
520840,1
520870,20
520880,1
520910,1
520915,1
521010,1
521020,1
521150,2
521160,1
521180,1
521190,4
521200,1
521375,1
521380,1
521523,2
521530,2
521560,2
521710,2
521760,1
521800,1
521850,1
521890,1
521970,1
521975,2
522010,1
522020,1
522068,1
522108,1
522130,1
522140,2
522145,1
522160,1
522185,6
522220,1
530010,56
