nome_munip,pop_munip,total_casos,taxa_casos_100mil,porte_populacional
AGUANIL,4557,250,5486.07,Pequeno porte
ITAMBÉ DO MATO DENTRO,2032,104,5118.11,Pequeno porte
SILVIANÓPOLIS,6258,210,3355.70,Pequeno porte
LEANDRO FERREIRA,3222,74,2296.71,Pequeno porte
BELMIRO BRAGA,3422,71,2074.81,Pequeno porte
PEDRO TEIXEIRA,1804,22,1219.51,Pequeno porte
ONÇA DE PITANGUI,3155,37,1172.74,Pequeno porte
RESSAQUINHA,4826,53,1098.22,Pequeno porte
PRESIDENTE JUSCELINO,3572,39,1091.83,Pequeno porte
ANTÔNIO PRADO DE MINAS,1577,17,1078.00,Pequeno porte
SERRA DA SAUDADE,771,8,1037.61,Pequeno porte
SANTANA DO RIACHO,4334,40,922.93,Pequeno porte
RITÁPOLIS,4521,40,884.76,Pequeno porte
MENDES PIMENTEL,6446,53,822.22,Pequeno porte
MATUTINA,3733,30,803.64,Pequeno porte
MARIPÁ DE MINAS,3000,24,800.00,Pequeno porte
IGUATAMA,7901,57,721.43,Pequeno porte
JECEABA,4795,30,625.65,Pequeno porte
SIMÃO PEREIRA,2621,16,610.45,Pequeno porte
MORRO DA GARÇA,2413,14,580.19,Pequeno porte
PEDRA DO ANTA,2960,17,574.32,Pequeno porte
MARTINS SOARES,8640,49,567.13,Pequeno porte
SÃO BRÁS DO SUAÇUÍ,3770,21,557.03,Pequeno porte
PIEDADE DE PONTE NOVA,4141,21,507.12,Pequeno porte
CONCEIÇÃO DOS OUROS,11852,59,497.81,Pequeno porte
MIRADOURO,10818,53,489.92,Pequeno porte
CAPITÃO ANDRADE,5559,25,449.72,Pequeno porte
TAPIRAÍ,1869,8,428.04,Pequeno porte
JURAMENTO,4359,18,412.94,Pequeno porte
ITAMARATI DE MINAS,4395,18,409.56,Pequeno porte
ABRE CAMPO,13434,55,409.41,Pequeno porte
MATIAS CARDOSO,11360,45,396.13,Pequeno porte
CONSOLAÇÃO,1786,7,391.94,Pequeno porte
TOCOS DO MOJI,4117,16,388.63,Pequeno porte
LAGOA GRANDE,9681,37,382.19,Pequeno porte
CONCEIÇÃO DO PARÁ,5558,21,377.83,Pequeno porte
RUBELITA,5609,20,356.57,Pequeno porte
FRONTEIRA DOS VALES,4542,16,352.27,Pequeno porte
SENADOR JOSÉ BENTO,1422,5,351.62,Pequeno porte
RIACHO DOS MACHADOS,9471,33,348.43,Pequeno porte
FERVEDOURO,11100,38,342.34,Pequeno porte
ARAÇAÍ,2360,8,338.98,Pequeno porte
MOEDA,4948,16,323.36,Pequeno porte
PINTÓPOLIS,7540,24,318.30,Pequeno porte
DORES DE GUANHÃES,5139,16,311.34,Pequeno porte
SANTA BÁRBARA DO TUGÚRIO,4385,13,296.47,Pequeno porte
POCRANE,8288,24,289.58,Pequeno porte
IMBÉ DE MINAS,6976,20,286.70,Pequeno porte
SÃO SEBASTIÃO DO ANTA,6697,19,283.71,Pequeno porte
PAINEIRAS,4440,12,270.27,Pequeno porte
DOM VIÇOSO,2992,8,267.38,Pequeno porte
JOSENÓPOLIS,4911,13,264.71,Pequeno porte
SILVEIRÂNIA,2267,6,264.67,Pequeno porte
RIO PARANAÍBA,12356,32,258.98,Pequeno porte
QUARTEL GERAL,3603,9,249.79,Pequeno porte
PASSA-VINTE,2024,5,247.04,Pequeno porte
GUARDA-MOR,6558,16,243.98,Pequeno porte
OLARIA,1694,4,236.13,Pequeno porte
CABECEIRA GRANDE,7025,16,227.76,Pequeno porte
SENADOR MODESTINO GONÇALVES,4056,9,221.89,Pequeno porte
MADRE DE DEUS DE MINAS,5119,11,214.89,Pequeno porte
CONCEIÇÃO DAS PEDRAS,2814,6,213.22,Pequeno porte
PAI PEDRO,6098,13,213.18,Pequeno porte
BARBACENA,139061,296,212.86,Grande porte
SÃO JOSÉ DO MANTIMENTO,2821,6,212.69,Pequeno porte
CONCEIÇÃO DO MATO DENTRO,17438,37,212.18,Pequeno porte
SANTANA DE CATAGUASES,3909,8,204.66,Pequeno porte
LEME DO PRADO,4923,10,203.13,Pequeno porte
JEQUITIBÁ,5203,10,192.20,Pequeno porte
POMPÉU,32248,61,189.16,Médio porte
SÃO GONÇALO DO RIO PRETO,3178,6,188.80,Pequeno porte
FARIA LEMOS,3202,6,187.38,Pequeno porte
SANTANA DOS MONTES,3753,7,186.52,Pequeno porte
ARAPORÃ,6992,13,185.93,Pequeno porte
CONSELHEIRO PENA,22975,42,182.81,Médio porte
ARANTINA,2779,5,179.92,Pequeno porte
SÃO FÉLIX DE MINAS,3354,6,178.89,Pequeno porte
CAMACHO,2839,5,176.12,Pequeno porte
CAREAÇU,6826,12,175.80,Pequeno porte
JEQUITAÍ,7407,13,175.51,Pequeno porte
ESTRELA DALVA,2308,4,173.31,Pequeno porte
ALFENAS,80973,140,172.90,Médio porte
MIRAÍ,15205,26,171.00,Pequeno porte
SERRANÓPOLIS DE MINAS,4836,8,165.43,Pequeno porte
CAIANA,5584,9,161.17,Pequeno porte
FUNILÂNDIA,4434,7,157.87,Pequeno porte
INIMUTABA,7605,12,157.79,Pequeno porte
IPABA,18926,29,153.23,Pequeno porte
INCONFIDENTES,7387,11,148.91,Pequeno porte
CÓRREGO NOVO,2688,4,148.81,Pequeno porte
GOIABEIRA,3402,5,146.97,Pequeno porte
RIO PIRACICABA,14325,21,146.60,Pequeno porte
LAMBARI,20995,30,142.89,Médio porte
CARAÍ,23872,34,142.43,Médio porte
DELFINÓPOLIS,7146,10,139.94,Pequeno porte
ITABIRINHA,11637,16,137.49,Pequeno porte
DONA EUSÉBIA,6664,9,135.05,Pequeno porte
GUARARÁ,3755,5,133.16,Pequeno porte
SANTO ANTÔNIO DO ITAMBÉ,3763,5,132.87,Pequeno porte
RESPLENDOR,17396,22,126.47,Pequeno porte
SERRA DOS AIMORÉS,8725,11,126.07,Pequeno porte
LASSANCE,6494,8,123.19,Pequeno porte
PEDRAS DE MARIA DA CRUZ,12313,15,121.82,Pequeno porte
FREI GASPAR,5858,7,119.49,Pequeno porte
ITATIAIUÇU,11354,13,114.50,Pequeno porte
PRESIDENTE BERNARDES,5315,6,112.89,Pequeno porte
CARVALHOS,4445,5,112.49,Pequeno porte
TRÊS PONTAS,57127,64,112.03,Médio porte
ITACAMBIRA,5447,6,110.15,Pequeno porte
GOUVEIA,11811,13,110.07,Pequeno porte
PEDRINÓPOLIS,3651,4,109.56,Pequeno porte
CATAS ALTAS DA NORUEGA,3665,4,109.14,Pequeno porte
INGAÍ,2785,3,107.72,Pequeno porte
PRESIDENTE OLEGÁRIO,19680,21,106.71,Pequeno porte
DIOGO DE VASCONCELOS,3779,4,105.85,Pequeno porte
DORES DO INDAIÁ,13373,14,104.69,Pequeno porte
SANTO ANTÔNIO DO JACINTO,11570,12,103.72,Pequeno porte
BONFIM,6852,7,102.16,Pequeno porte
RIO MANSO,5924,6,101.28,Pequeno porte
FRONTEIRA,18866,19,100.71,Pequeno porte
PRESIDENTE KUBITSCHEK,3000,3,100.00,Pequeno porte
SÃO SEBASTIÃO DA VARGEM ALEGRE,3039,3,98.72,Pequeno porte
SÃO JOÃO DAS MISSÕES,13232,13,98.25,Pequeno porte
COMENDADOR GOMES,3128,3,95.91,Pequeno porte
MIRABELA,13651,13,95.23,Pequeno porte
FRANCISCO DUMONT,5268,5,94.91,Pequeno porte
MARIA DA FÉ,14019,13,92.73,Pequeno porte
PALMA,6606,6,90.83,Pequeno porte
CANAÃ,4533,4,88.24,Pequeno porte
LARANJAL,6856,6,87.51,Pequeno porte
ITURAMA,40101,35,87.28,Médio porte
CORONEL XAVIER CHAVES,3448,3,87.01,Pequeno porte
SENHORA DO PORTO,3516,3,85.32,Pequeno porte
NATÉRCIA,4727,4,84.62,Pequeno porte
CARMO DO RIO CLARO,21310,18,84.47,Médio porte
MUNHOZ,5960,5,83.89,Pequeno porte
PADRE PARAÍSO,20346,17,83.55,Médio porte
BERIZAL,4792,4,83.47,Pequeno porte
BURITIS,25179,21,83.40,Médio porte
DOM BOSCO,3635,3,82.53,Pequeno porte
FREI INOCÊNCIO,9716,8,82.34,Pequeno porte
SÃO JOÃO DO ORIENTE,7393,6,81.16,Pequeno porte
SÃO SEBASTIÃO DO MARANHÃO,9884,8,80.94,Pequeno porte
ITAPEVA,9976,8,80.19,Pequeno porte
SÃO JOÃO BATISTA DO GLÓRIA,7541,6,79.57,Pequeno porte
PINGO-D ÁGUA,5029,4,79.54,Pequeno porte
PORTEIRINHA,37823,30,79.32,Médio porte
PEDRA DOURADA,2559,2,78.16,Pequeno porte
CÓRREGO FUNDO,6425,5,77.82,Pequeno porte
SANTO ANTÔNIO DO GRAMA,3861,3,77.70,Pequeno porte
TOCANTINS,16769,13,77.52,Pequeno porte
SENHORA DOS REMÉDIOS,10474,8,76.38,Pequeno porte
RIO DOCE,2630,2,76.05,Pequeno porte
CAMPINA VERDE,19759,15,75.91,Pequeno porte
CAETANÓPOLIS,11869,9,75.83,Pequeno porte
GOIANÁ,4014,3,74.74,Pequeno porte
MARMELÓPOLIS,2701,2,74.05,Pequeno porte
MARILAC,4079,3,73.55,Pequeno porte
CRISÓLITA,6814,5,73.38,Pequeno porte
SÃO GERALDO DO BAIXIO,4104,3,73.10,Pequeno porte
CONFINS,6867,5,72.81,Pequeno porte
GRUPIARA,1386,1,72.15,Pequeno porte
LAGOA FORMOSA,18168,13,71.55,Pequeno porte
CAMPESTRE,21052,15,71.25,Médio porte
OLÍMPIO NORONHA,2829,2,70.70,Pequeno porte
DESTERRO DO MELO,2867,2,69.76,Pequeno porte
CARMO DO PARANAÍBA,30339,21,69.22,Médio porte
NAZARENO,8710,6,68.89,Pequeno porte
JAPARAÍBA,4418,3,67.90,Pequeno porte
CANTAGALO,4575,3,65.57,Pequeno porte
TOMBOS,7683,5,65.08,Pequeno porte
MATO VERDE,12367,8,64.69,Pequeno porte
OLHOS-D ÁGUA,6243,4,64.07,Pequeno porte
ATALÉIA,12496,8,64.02,Pequeno porte
AIMORÉS,25116,16,63.70,Médio porte
INHAÚMA,6352,4,62.97,Pequeno porte
ÁGUAS FORMOSAS,19285,12,62.22,Pequeno porte
NACIP RAYDAN,3221,2,62.09,Pequeno porte
PASSABÉM,1619,1,61.77,Pequeno porte
PEQUERI,3340,2,59.88,Pequeno porte
MONTEZUMA,8379,5,59.67,Pequeno porte
DESCOBERTO,5044,3,59.48,Pequeno porte
LAMIM,3366,2,59.42,Pequeno porte
DORES DE CAMPOS,10291,6,58.30,Pequeno porte
DOM SILVÉRIO,5227,3,57.39,Pequeno porte
IBITIÚRA DE MINAS,3497,2,57.19,Pequeno porte
SÃO JOÃO EVANGELISTA,15761,9,57.10,Pequeno porte
SAPUCAÍ-MIRIM,7045,4,56.78,Pequeno porte
PLANURA,12445,7,56.25,Pequeno porte
NOVORIZONTE,5348,3,56.10,Pequeno porte
CACHOEIRA DA PRATA,3580,2,55.87,Pequeno porte
ITAIPÉ,12910,7,54.22,Pequeno porte
LIMA DUARTE,16749,9,53.73,Pequeno porte
SÃO PEDRO DOS FERROS,7634,4,52.40,Pequeno porte
DOURADOQUARA,1915,1,52.22,Pequeno porte
JACUÍ,7695,4,51.98,Pequeno porte
SENHORA DE OLIVEIRA,5786,3,51.85,Pequeno porte
BANDEIRA DO SUL,5808,3,51.65,Pequeno porte
EWBANK DA CÂMARA,3932,2,50.86,Pequeno porte
CAJURI,3961,2,50.49,Pequeno porte
ITANHOMI,12259,6,48.94,Pequeno porte
RUBIM,10269,5,48.69,Pequeno porte
NINHEIRA,10355,5,48.29,Pequeno porte
ALTO JEQUITIBÁ,8286,4,48.27,Pequeno porte
BRÁS PIRES,4255,2,47.00,Pequeno porte
RAUL SOARES,23663,11,46.49,Médio porte
ITAPECERICA,21760,10,45.96,Médio porte
PIMENTA,8715,4,45.90,Pequeno porte
PRUDENTE DE MORAIS,10931,5,45.74,Pequeno porte
MONTE BELO,13139,6,45.67,Pequeno porte
BUENO BRANDÃO,10982,5,45.53,Pequeno porte
CAPITÃO ENÉAS,15388,7,45.49,Pequeno porte
DOM JOAQUIM,4436,2,45.09,Pequeno porte
IGARATINGA,11146,5,44.86,Pequeno porte
FORTALEZA DE MINAS,4460,2,44.84,Pequeno porte
CASA GRANDE,2251,1,44.42,Pequeno porte
CAPETINGA,6860,3,43.73,Pequeno porte
JABOTICATUBAS,20683,9,43.51,Médio porte
BONITO DE MINAS,11502,5,43.47,Pequeno porte
CORONEL FABRICIANO,110709,48,43.36,Grande porte
DIVISA ALEGRE,6946,3,43.19,Pequeno porte
SÃO SEBASTIÃO DO OESTE,6948,3,43.18,Pequeno porte
SÃO TOMÁS DE AQUINO,6980,3,42.98,Pequeno porte
ROCHEDO DE MINAS,2335,1,42.83,Pequeno porte
TEIXEIRAS,11680,5,42.81,Pequeno porte
BRAÚNAS,4737,2,42.22,Pequeno porte
MACHACALIS,7112,3,42.18,Pequeno porte
JOAQUIM FELÍCIO,4757,2,42.04,Pequeno porte
SANTA JULIANA,14497,6,41.39,Pequeno porte
SANTA RITA DE MINAS,7322,3,40.97,Pequeno porte
INDAIABIRA,7328,3,40.94,Pequeno porte
NEPOMUCENO,26882,11,40.92,Médio porte
BIQUINHAS,2482,1,40.29,Pequeno porte
IBERTIOGA,4999,2,40.01,Pequeno porte
GUARACIAMA,5005,2,39.96,Pequeno porte
CUPARAQUE,5026,2,39.79,Pequeno porte
FELISBURGO,7548,3,39.75,Pequeno porte
ESPERA FELIZ,25287,10,39.55,Médio porte
COIMBRA,7631,3,39.31,Pequeno porte
AREADO,15288,6,39.25,Pequeno porte
BELO VALE,7723,3,38.85,Pequeno porte
SANTA MARIA DO SALTO,5203,2,38.44,Pequeno porte
ITAVERAVA,5321,2,37.59,Pequeno porte
BAMBUÍ,23964,9,37.56,Médio porte
SÃO JOSÉ DO GOIABAL,5356,2,37.34,Pequeno porte
ARGIRITA,2681,1,37.30,Pequeno porte
MARAVILHAS,8113,3,36.98,Pequeno porte
SOBRÁLIA,5476,2,36.52,Pequeno porte
RIO PRETO,5493,2,36.41,Pequeno porte
POÇO FUNDO,16900,6,35.50,Pequeno porte
ARAPUÁ,2836,1,35.26,Pequeno porte
RESENDE COSTA,11578,4,34.55,Pequeno porte
OURO VERDE DE MINAS,5895,2,33.93,Pequeno porte
CORDISBURGO,8903,3,33.70,Pequeno porte
ARINOS,17850,6,33.61,Pequeno porte
BARROSO,20981,7,33.36,Médio porte
DIVISA NOVA,6039,2,33.12,Pequeno porte
ITUETA,6074,2,32.93,Pequeno porte
SANTO HIPÓLITO,3044,1,32.85,Pequeno porte
TAPARUBA,3093,1,32.33,Pequeno porte
CORONEL PACHECO,3095,1,32.31,Pequeno porte
CASCALHO RICO,3108,1,32.18,Pequeno porte
CAMANDUCAIA,21831,7,32.06,Médio porte
MORRO DO PILAR,3126,1,31.99,Pequeno porte
CACHOEIRA DE PAJEÚ,9470,3,31.68,Pequeno porte
MATHIAS LOBATO,3157,1,31.68,Pequeno porte
CÓRREGO DANTA,3168,1,31.57,Pequeno porte
GLAUCILÂNDIA,3177,1,31.48,Pequeno porte
PAULA CÂNDIDO,9597,3,31.26,Pequeno porte
PADRE CARVALHO,6466,2,30.93,Pequeno porte
BIAS FORTES,3282,1,30.47,Pequeno porte
SÃO JOÃO DO PARAÍSO,23797,7,29.42,Médio porte
CIPOTÂNEA,6811,2,29.36,Pequeno porte
ESTRELA DO INDAIÁ,3483,1,28.71,Pequeno porte
CAETÉ,45364,13,28.66,Médio porte
CABO VERDE,14074,4,28.42,Pequeno porte
CENTRAL DE MINAS,7059,2,28.33,Pequeno porte
CORDISLÂNDIA,3546,1,28.20,Pequeno porte
NOVA MÓDICA,3548,1,28.18,Pequeno porte
SÃO ROQUE DE MINAS,7100,2,28.17,Pequeno porte
TARUMIRIM,14280,4,28.01,Pequeno porte
PERDÕES,21577,6,27.81,Médio porte
CARVALHÓPOLIS,3614,1,27.67,Pequeno porte
MONTALVÂNIA,14621,4,27.36,Pequeno porte
PRATINHA,3658,1,27.34,Pequeno porte
CAMPANÁRIO,3739,1,26.75,Pequeno porte
NOVA PORTEIRINHA,7493,2,26.69,Pequeno porte
ALVARENGA,3783,1,26.43,Pequeno porte
ALVINÓPOLIS,15135,4,26.43,Pequeno porte
LAGAMAR,7588,2,26.36,Pequeno porte
DIVINOLÂNDIA DE MINAS,7655,2,26.13,Pequeno porte
SERRANIA,7667,2,26.09,Pequeno porte
TRÊS CORAÇÕES,80561,21,26.07,Médio porte
MEDEIROS,3861,1,25.90,Pequeno porte
MINDURI,3891,1,25.70,Pequeno porte
PEDRA DO INDAIÁ,3977,1,25.14,Pequeno porte
PERDIGÃO,11994,3,25.01,Pequeno porte
DELFIM MOREIRA,8007,2,24.98,Pequeno porte
MONTE CARMELO,48049,12,24.97,Médio porte
ESTRELA DO SUL,8057,2,24.82,Pequeno porte
RIBEIRÃO VERMELHO,4061,1,24.62,Pequeno porte
LAGOA DOS PATOS,4062,1,24.62,Pequeno porte
ALMENARA,42380,10,23.60,Médio porte
SERRA AZUL DE MINAS,4292,1,23.30,Pequeno porte
SÃO JOSÉ DA SAFIRA,4291,1,23.30,Pequeno porte
MATA VERDE,8700,2,22.99,Pequeno porte
SANTA EFIGÊNIA DE MINAS,4354,1,22.97,Pequeno porte
GONÇALVES,4360,1,22.94,Pequeno porte
MONSENHOR PAULO,8764,2,22.82,Pequeno porte
JOANÉSIA,4382,1,22.82,Pequeno porte
PEQUI,4457,1,22.44,Pequeno porte
LUZ,18297,4,21.86,Pequeno porte
BERTÓPOLIS,4609,1,21.70,Pequeno porte
CARLOS CHAGAS,18516,4,21.60,Pequeno porte
AMPARO DO SERRA,4643,1,21.54,Pequeno porte
ABAETÉ,23263,5,21.49,Médio porte
BAEPENDI,19249,4,20.78,Pequeno porte
BARRA LONGA,4905,1,20.39,Pequeno porte
ITINGA,15053,3,19.93,Pequeno porte
CARNEIRINHO,10103,2,19.80,Pequeno porte
JOSÉ RAYDAN,5104,1,19.59,Pequeno porte
SABARÁ,137877,27,19.58,Grande porte
RIO DO PRADO,5117,1,19.54,Pequeno porte
GUARACIABA,10307,2,19.40,Pequeno porte
CRISTIANO OTONI,5161,1,19.38,Pequeno porte
CENTRALINA,10343,2,19.34,Pequeno porte
JANUÁRIA,67958,13,19.13,Médio porte
BONFINÓPOLIS DE MINAS,5397,1,18.53,Pequeno porte
SÃO BENTO ABADE,5411,1,18.48,Pequeno porte
DATAS,5431,1,18.41,Pequeno porte
CATAS ALTAS,5465,1,18.30,Pequeno porte
PERDIZES,16469,3,18.22,Pequeno porte
MESQUITA,5489,1,18.22,Pequeno porte
ENGENHEIRO CALDAS,11268,2,17.75,Pequeno porte
SÃO DOMINGOS DAS DORES,5672,1,17.63,Pequeno porte
JUVENÍLIA,5706,1,17.53,Pequeno porte
ESTIVA,11416,2,17.52,Pequeno porte
PORTO FIRME,11414,2,17.52,Pequeno porte
ARCOS,40658,7,17.22,Médio porte
SERRA DO SALITRE,11750,2,17.02,Pequeno porte
AIURUOCA,5949,1,16.81,Pequeno porte
ITUMIRIM,5978,1,16.73,Pequeno porte
PONTO DOS VOLANTES,12235,2,16.35,Pequeno porte
BOTUMIRIM,6259,1,15.98,Pequeno porte
PIRACEMA,6386,1,15.66,Pequeno porte
SANTA HELENA DE MINAS,6406,1,15.61,Pequeno porte
BOM JARDIM DE MINAS,6444,1,15.52,Pequeno porte
CARANDAÍ,25831,4,15.49,Médio porte
HELIODORA,6623,1,15.10,Pequeno porte
CORAÇÃO DE JESUS,26620,4,15.03,Médio porte
OURO BRANCO,40220,6,14.92,Médio porte
PERIQUITO,6738,1,14.84,Pequeno porte
TUMIRITINGA,6797,1,14.71,Pequeno porte
MONTE AZUL,20544,3,14.60,Médio porte
JOÃO PINHEIRO,47990,7,14.59,Médio porte
MEDINA,20701,3,14.49,Médio porte
ITAJUBÁ,97782,14,14.32,Médio porte
GUIDOVAL,7026,1,14.23,Pequeno porte
CHAPADA GAÚCHA,14217,2,14.07,Pequeno porte
CAMPOS GERAIS,28908,4,13.84,Médio porte
REDUTO,7247,1,13.80,Pequeno porte
ALTEROSA,14566,2,13.73,Pequeno porte
MATIAS BARBOSA,14626,2,13.67,Pequeno porte
SANTO ANTÔNIO DO RETIRO,7316,1,13.67,Pequeno porte
BOTELHOS,14927,2,13.40,Pequeno porte
DIONÍSIO,7493,1,13.35,Pequeno porte
FORMIGA,67956,9,13.24,Médio porte
FRUTAL,60508,8,13.22,Médio porte
MOEMA,7589,1,13.18,Pequeno porte
CHAPADA DO NORTE,15334,2,13.04,Pequeno porte
JOAÍMA,15476,2,12.92,Pequeno porte
CAMPOS ALTOS,15661,2,12.77,Pequeno porte
ITAMONTE,15844,2,12.62,Pequeno porte
PAPAGAIOS,15922,2,12.56,Pequeno porte
INHAPIM,24020,3,12.49,Médio porte
PASSA TEMPO,8031,1,12.45,Pequeno porte
RIACHINHO,8132,1,12.30,Pequeno porte
CAPINÓPOLIS,16294,2,12.27,Pequeno porte
SÃO JOAQUIM DE BICAS,32696,4,12.23,Médio porte
SANTA BÁRBARA DO LESTE,8212,1,12.18,Pequeno porte
PAVÃO,8390,1,11.92,Pequeno porte
IBIAÍ,8478,1,11.80,Pequeno porte
PRATÁPOLIS,8530,1,11.72,Pequeno porte
SÃO GONÇALO DO SAPUCAÍ,25670,3,11.69,Médio porte
SÃO DOMINGOS DO PRATA,17296,2,11.56,Pequeno porte
CAPITÓLIO,8693,1,11.50,Pequeno porte
SANTA CRUZ DE MINAS,8723,1,11.46,Pequeno porte
NOVA ERA,17524,2,11.41,Pequeno porte
SANTA RITA DO SAPUCAÍ,44226,5,11.31,Médio porte
SANTA RITA DE CALDAS,8900,1,11.24,Pequeno porte
MORADA NOVA DE MINAS,8955,1,11.17,Pequeno porte
GUARANÉSIA,19014,2,10.52,Pequeno porte
SANTO ANTÔNIO DO MONTE,28603,3,10.49,Médio porte
FERROS,9576,1,10.44,Pequeno porte
LONTRA,9766,1,10.24,Pequeno porte
FRANCISCO BADARÓ,10311,1,9.70,Pequeno porte
CONCEIÇÃO DA APARECIDA,10351,1,9.66,Pequeno porte
NOVO CRUZEIRO,31339,3,9.57,Médio porte
ITAOBIM,20997,2,9.53,Médio porte
MACHADO,42682,4,9.37,Médio porte
ALTO RIO DOCE,10723,1,9.33,Pequeno porte
PEDRO LEOPOLDO,65149,6,9.21,Médio porte
DELTA,10994,1,9.10,Pequeno porte
IAPU,11085,1,9.02,Pequeno porte
PEDRALVA,11098,1,9.01,Pequeno porte
MANHUMIRIM,22894,2,8.74,Médio porte
ANTÔNIO CARLOS,11471,1,8.72,Pequeno porte
CARMO DA MATA,11546,1,8.66,Pequeno porte
JOÃO MONLEVADE,80903,7,8.65,Médio porte
CACHOEIRA DE MINAS,11609,1,8.61,Pequeno porte
PIUMHI,35137,3,8.54,Médio porte
NOVA LIMA,97378,8,8.22,Médio porte
CARMO DA CACHOEIRA,12193,1,8.20,Pequeno porte
ARAÇUAÍ,36715,3,8.17,Médio porte
CANÁPOLIS,12251,1,8.16,Pequeno porte
ILICÍNEA,12511,1,7.99,Pequeno porte
RIO VERMELHO,12635,1,7.91,Pequeno porte
SÃO GERALDO,12751,1,7.84,Pequeno porte
CAPELINHA,38321,3,7.83,Médio porte
MAR DE ESPANHA,12985,1,7.70,Pequeno porte
CRISTAIS,13060,1,7.66,Pequeno porte
JAÍBA,39850,3,7.53,Médio porte
ÁGUA BOA,13319,1,7.51,Pequeno porte
CONCEIÇÃO DO RIO VERDE,13729,1,7.28,Pequeno porte
GUAPÉ,14269,1,7.01,Pequeno porte
BRAZÓPOLIS,14364,1,6.96,Pequeno porte
ASTOLFO DUTRA,14358,1,6.96,Pequeno porte
CARMO DE MINAS,15031,1,6.65,Pequeno porte
ENTRE RIOS DE MINAS,15458,1,6.47,Pequeno porte
ITAPAGIPE,15511,1,6.45,Pequeno porte
RIO PARDO DE MINAS,31171,2,6.42,Médio porte
MÁRIO CAMPOS,15814,1,6.32,Pequeno porte
NOVA PONTE,16046,1,6.23,Pequeno porte
ITAÚ DE MINAS,16286,1,6.14,Pequeno porte
SANTA MARGARIDA,16393,1,6.10,Pequeno porte
LAGOA SANTA,66744,4,5.99,Médio porte
BRASILÂNDIA DE MINAS,16950,1,5.90,Pequeno porte
OURO FINO,33938,2,5.89,Médio porte
PIRANGA,17641,1,5.67,Pequeno porte
CÁSSIA,17741,1,5.64,Pequeno porte
RIO POMBA,18007,1,5.55,Pequeno porte
LADAINHA,18272,1,5.47,Pequeno porte
MANHUAÇU,92074,5,5.43,Médio porte
MALACACHETA,18556,1,5.39,Pequeno porte
SANTO ANTÔNIO DO AMPARO,18697,1,5.35,Pequeno porte
SÃO FRANCISCO,56625,3,5.30,Médio porte
BORDA DA MATA,19809,1,5.05,Pequeno porte
SIMONÉSIA,19834,1,5.04,Pequeno porte
DIVINO,20020,1,5.00,Médio porte
IPANEMA,20133,1,4.97,Médio porte
ANDRADAS,41704,2,4.80,Médio porte
PARAISÓPOLIS,21353,1,4.68,Médio porte
MONTE ALEGRE DE MINAS,21349,1,4.68,Médio porte
IGARAPÉ,44561,2,4.49,Médio porte
CARMO DO CAJURU,22900,1,4.37,Médio porte
FRANCISCO SÁ,26459,1,3.78,Médio porte
SÃO JOÃO NEPOMUCENO,26530,1,3.77,Médio porte
SACRAMENTO,26556,1,3.77,Médio porte
MANTENA,27651,1,3.62,Médio porte
PITANGUI,28433,1,3.52,Médio porte
POUSO ALEGRE,154293,5,3.24,Grande porte
MARIANA,61830,2,3.23,Médio porte
TAIOBEIRAS,34653,1,2.89,Médio porte
ITAMARANDIBA,35130,1,2.85,Médio porte
RIBEIRÃO DAS NEVES,341415,9,2.64,Grande porte
MATOZINHOS,38469,1,2.60,Médio porte
DIVINÓPOLIS,242505,6,2.47,Grande porte
SALINAS,41864,1,2.39,Médio porte
PARACATU,94539,2,2.12,Médio porte
LAVRAS,105756,2,1.89,Grande porte
LAGOA DA PRATA,53236,1,1.88,Médio porte
CAMPO BELO,54338,1,1.84,Médio porte
CONGONHAS,55836,1,1.79,Médio porte
PONTE NOVA,60003,1,1.67,Médio porte
BETIM,450024,7,1.56,Grande porte
GOVERNADOR VALADARES,282164,4,1.42,Grande porte
TEÓFILO OTONI,141269,2,1.42,Grande porte
SÃO SEBASTIÃO DO PARAÍSO,71915,1,1.39,Médio porte
ESMERALDAS,72512,1,1.38,Médio porte
BELO HORIZONTE,2530701,35,1.38,Grande porte
CATAGUASES,75942,1,1.32,Médio porte
CURVELO,81085,1,1.23,Médio porte
MONTES CLAROS,417478,5,1.20,Grande porte
TIMÓTEO,91268,1,1.10,Médio porte
ITAÚNA,94455,1,1.06,Médio porte
NOVA SERRANA,108241,1,0.92,Grande porte
ARAXÁ,108403,1,0.92,Grande porte
ITABIRA,121717,1,0.82,Grande porte
IBIRITÉ,184030,1,0.54,Grande porte
SANTA LUZIA,221705,1,0.45,Grande porte
IPATINGA,267333,1,0.37,Grande porte
CONTAGEM,673849,1,0.15,Grande porte
SÃO PEDRO DO SUAÇUÍ,5160,0,0.00,Pequeno porte
ITABIRITO,52996,0,0.00,Médio porte
BURITIZEIRO,28184,0,0.00,Médio porte
SOLEDADE DE MINAS,6226,0,0.00,Pequeno porte
CRISTINA,10211,0,0.00,Pequeno porte
CRUCILÂNDIA,5072,0,0.00,Pequeno porte
DIVINO DAS LARANJEIRAS,4969,0,0.00,Pequeno porte
SÃO JOÃO DO MANTENINHA,5975,0,0.00,Pequeno porte
BRASÍLIA DE MINAS,32460,0,0.00,Médio porte
PEÇANHA,17534,0,0.00,Pequeno porte
LAGOA DOURADA,13115,0,0.00,Pequeno porte
TIRADENTES,8160,0,0.00,Pequeno porte
RIO ESPERA,5332,0,0.00,Pequeno porte
PIRANGUINHO,8683,0,0.00,Pequeno porte
BOM JESUS DA PENHA,4270,0,0.00,Pequeno porte
BRUMADINHO,41208,0,0.00,Médio porte
ITAGUARA,13510,0,0.00,Pequeno porte
TOLEDO,6336,0,0.00,Pequeno porte
SARZEDO,34050,0,0.00,Médio porte
OURO PRETO,74824,0,0.00,Médio porte
PATIS,6031,0,0.00,Pequeno porte
ÁGUAS VERMELHAS,13656,0,0.00,Pequeno porte
MURIAÉ,109997,0,0.00,Grande porte
ESPÍRITO SANTO DO DOURADO,4728,0,0.00,Pequeno porte
SÃO GONÇALO DO RIO ABAIXO,11114,0,0.00,Pequeno porte
PIEDADE DOS GERAIS,5034,0,0.00,Pequeno porte
JORDÂNIA,10872,0,0.00,Pequeno porte
PATOS DE MINAS,154641,0,0.00,Grande porte
SÃO JOSÉ DO ALEGRE,4222,0,0.00,Pequeno porte
SÃO THOMÉ DAS LETRAS,7151,0,0.00,Pequeno porte
CONCEIÇÃO DAS ALAGOAS,28782,0,0.00,Médio porte
CANDEIAS,14890,0,0.00,Pequeno porte
LIBERDADE,4994,0,0.00,Pequeno porte
ENTRE FOLHAS,5383,0,0.00,Pequeno porte
CONSELHEIRO LAFAIETE,130584,0,0.00,Grande porte
SETUBINHA,12493,0,0.00,Pequeno porte
NANUQUE,40583,0,0.00,Médio porte
PIRAJUBA,6491,0,0.00,Pequeno porte
PAINS,8308,0,0.00,Pequeno porte
SÃO JOÃO DA LAGOA,4949,0,0.00,Pequeno porte
GURINHATÃ,5516,0,0.00,Pequeno porte
CACHOEIRA DOURADA,2720,0,0.00,Pequeno porte
ARAÚJOS,9523,0,0.00,Pequeno porte
FAMA,2374,0,0.00,Pequeno porte
PIRAÚBA,10732,0,0.00,Pequeno porte
BERILO,11813,0,0.00,Pequeno porte
GUANHÃES,34818,0,0.00,Médio porte
IBIÁ,25511,0,0.00,Médio porte
MUTUM,26945,0,0.00,Médio porte
JANAÚBA,72374,0,0.00,Médio porte
IPUIÚNA,10156,0,0.00,Pequeno porte
CARMÉSIA,2660,0,0.00,Pequeno porte
CORONEL MURTA,9209,0,0.00,Pequeno porte
RECREIO,10522,0,0.00,Pequeno porte
CAPUTIRA,9318,0,0.00,Pequeno porte
BARÃO DE MONTE ALTO,5311,0,0.00,Pequeno porte
TAQUARAÇU DE MINAS,4120,0,0.00,Pequeno porte
JURUAIA,10795,0,0.00,Pequeno porte
DURANDÉ,7898,0,0.00,Pequeno porte
CARBONITA,9423,0,0.00,Pequeno porte
SÃO JOÃO DA PONTE,25033,0,0.00,Médio porte
SANTA RITA DO ITUETO,5426,0,0.00,Pequeno porte
BOCAIÚVA,50521,0,0.00,Médio porte
SARDOÁ,6421,0,0.00,Pequeno porte
NOVA RESENDE,16937,0,0.00,Pequeno porte
SÃO JOSÉ DA LAPA,24490,0,0.00,Médio porte
ARAPONGA,8467,0,0.00,Pequeno porte
BUENÓPOLIS,10342,0,0.00,Pequeno porte
QUELUZITO,1948,0,0.00,Pequeno porte
MIRAVÂNIA,4939,0,0.00,Pequeno porte
SANTANA DO MANHUAÇU,8660,0,0.00,Pequeno porte
JEQUERI,12246,0,0.00,Pequeno porte
CAMPO DO MEIO,11648,0,0.00,Pequeno porte
CAMPO FLORIDO,8383,0,0.00,Pequeno porte
EXTREMA,37649,0,0.00,Médio porte
ARAGUARI,118361,0,0.00,Grande porte
SÃO SEBASTIÃO DO RIO PRETO,1478,0,0.00,Pequeno porte
SÃO VICENTE DE MINAS,7876,0,0.00,Pequeno porte
ERVÁLIA,19019,0,0.00,Pequeno porte
CAMBUQUIRA,12810,0,0.00,Pequeno porte
MATEUS LEME,31631,0,0.00,Médio porte
ALFREDO VASCONCELOS,7052,0,0.00,Pequeno porte
AUGUSTO DE LIMA,4833,0,0.00,Pequeno porte
SÃO GONÇALO DO ABAETÉ,8527,0,0.00,Pequeno porte
ITAMOGI,10122,0,0.00,Pequeno porte
PRADOS,9128,0,0.00,Pequeno porte
DORES DO TURVO,4202,0,0.00,Pequeno porte
CONCEIÇÃO DE IPANEMA,4581,0,0.00,Pequeno porte
BELA VISTA DE MINAS,10269,0,0.00,Pequeno porte
ALÉM PARAÍBA,35438,0,0.00,Médio porte
IJACI,6667,0,0.00,Pequeno porte
SERICITA,7340,0,0.00,Pequeno porte
BOM DESPACHO,51436,0,0.00,Médio porte
LUISBURGO,6249,0,0.00,Pequeno porte
BICAS,14612,0,0.00,Pequeno porte
JENIPAPO DE MINAS,7781,0,0.00,Pequeno porte
ANDRELÂNDIA,12189,0,0.00,Pequeno porte
ITACARAMBI,18175,0,0.00,Pequeno porte
SÃO TIAGO,10979,0,0.00,Pequeno porte
SANTANA DE PIRAPAMA,7538,0,0.00,Pequeno porte
ALVORADA DE MINAS,3605,0,0.00,Pequeno porte
BOCAINA DE MINAS,5088,0,0.00,Pequeno porte
ANTÔNIO DIAS,9233,0,0.00,Pequeno porte
PONTO CHIQUE,4305,0,0.00,Pequeno porte
SÃO JOSÉ DA BARRA,7532,0,0.00,Pequeno porte
CLÁUDIO,29093,0,0.00,Médio porte
SENADOR CORTES,2001,0,0.00,Pequeno porte
SANTA FÉ DE MINAS,3806,0,0.00,Pequeno porte
CAMPO AZUL,3830,0,0.00,Pequeno porte
CRISTÁLIA,5992,0,0.00,Pequeno porte
CONQUISTA,6997,0,0.00,Pequeno porte
IBITURUNA,3003,0,0.00,Pequeno porte
COUTO DE MAGALHÃES DE MINAS,4436,0,0.00,Pequeno porte
TIROS,6369,0,0.00,Pequeno porte
SETE LAGOAS,243950,0,0.00,Grande porte
SÃO JOÃO DO PACUÍ,4476,0,0.00,Pequeno porte
SANTA CRUZ DE SALINAS,4074,0,0.00,Pequeno porte
BOM SUCESSO,17612,0,0.00,Pequeno porte
ELÓI MENDES,28556,0,0.00,Médio porte
ARCEBURGO,10990,0,0.00,Pequeno porte
SÃO JOSÉ DA VARGINHA,5151,0,0.00,Pequeno porte
MONTE SIÃO,24247,0,0.00,Médio porte
MONTE FORMOSO,4939,0,0.00,Pequeno porte
FORMOSO,9810,0,0.00,Pequeno porte
CRUZEIRO DA FORTALEZA,3651,0,0.00,Pequeno porte
ACAIACA,3995,0,0.00,Pequeno porte
IBIRACI,14128,0,0.00,Pequeno porte
OLIVEIRA FORTES,2128,0,0.00,Pequeno porte
ALPERCATA,7448,0,0.00,Pequeno porte
ÁGUA COMPRIDA,1986,0,0.00,Pequeno porte
SÃO FRANCISCO DO GLÓRIA,4758,0,0.00,Pequeno porte
COROACI,9897,0,0.00,Pequeno porte
TAPIRA,4890,0,0.00,Pequeno porte
PARAGUAÇU,21693,0,0.00,Médio porte
CLARO DOS POÇÕES,7478,0,0.00,Pequeno porte
MONJOLOS,2184,0,0.00,Pequeno porte
PIRAPORA,56845,0,0.00,Médio porte
PASSOS,115970,0,0.00,Grande porte
PARAOPEBA,24854,0,0.00,Médio porte
NOVO ORIENTE DE MINAS,10800,0,0.00,Pequeno porte
SÃO SEBASTIÃO DO RIO VERDE,2259,0,0.00,Pequeno porte
SANTA RITA DE IBITIPOCA,3380,0,0.00,Pequeno porte
CORINTO,23607,0,0.00,Médio porte
SÃO FRANCISCO DE PAULA,6512,0,0.00,Pequeno porte
BOM JESUS DO GALHO,14792,0,0.00,Pequeno porte
BOM JESUS DO AMPARO,6182,0,0.00,Pequeno porte
JAPONVAR,7991,0,0.00,Pequeno porte
JEQUITINHONHA,25555,0,0.00,Médio porte
SANTANA DO PARAÍSO,36048,0,0.00,Médio porte
EUGENÓPOLIS,11383,0,0.00,Pequeno porte
FRUTA DE LEITE,5232,0,0.00,Pequeno porte
COROMANDEL,27958,0,0.00,Médio porte
MARTINHO CAMPOS,13497,0,0.00,Pequeno porte
SANTANA DO JACARÉ,4847,0,0.00,Pequeno porte
BUGRE,3984,0,0.00,Pequeno porte
BELO ORIENTE,27277,0,0.00,Médio porte
SERRO,20915,0,0.00,Médio porte
PASSA QUATRO,16439,0,0.00,Pequeno porte
PALMÓPOLIS,5196,0,0.00,Pequeno porte
LUISLÂNDIA,6735,0,0.00,Pequeno porte
SANTANA DA VARGEM,7047,0,0.00,Pequeno porte
CARANAÍBA,3150,0,0.00,Pequeno porte
DIAMANTINA,47924,0,0.00,Médio porte
RIO NOVO,8964,0,0.00,Pequeno porte
CATUTI,4944,0,0.00,Pequeno porte
MATIPÓ,19098,0,0.00,Pequeno porte
CAMBUÍ,30068,0,0.00,Médio porte
BOM REPOUSO,10527,0,0.00,Pequeno porte
SÃO JOSÉ DO DIVINO,3851,0,0.00,Pequeno porte
PRATA,28173,0,0.00,Médio porte
CARANGOLA,33022,0,0.00,Médio porte
BARÃO DE COCAIS,33232,0,0.00,Médio porte
PIRAPETINGA,10791,0,0.00,Pequeno porte
FERNANDES TOURINHO,3500,0,0.00,Pequeno porte
TUPACIGUARA,25466,0,0.00,Médio porte
JOSÉ GONÇALVES DE MINAS,4474,0,0.00,Pequeno porte
POÇOS DE CALDAS,169838,0,0.00,Grande porte
TRÊS MARIAS,33062,0,0.00,Médio porte
SÃO FRANCISCO DE SALES,6309,0,0.00,Pequeno porte
SÃO ROMÃO,12713,0,0.00,Pequeno porte
FELIXLÂNDIA,15528,0,0.00,Pequeno porte
SÃO JOSÉ DO JACURI,6409,0,0.00,Pequeno porte
PARÁ DE MINAS,95616,0,0.00,Médio porte
JAGUARAÇU,3151,0,0.00,Pequeno porte
RIO CASCA,13384,0,0.00,Pequeno porte
CARRANCAS,4052,0,0.00,Pequeno porte
MANGA,18051,0,0.00,Pequeno porte
JESUÂNIA,4774,0,0.00,Pequeno porte
COLUNA,8810,0,0.00,Pequeno porte
DESTERRO DE ENTRE RIOS,7266,0,0.00,Pequeno porte
LEOPOLDINA,52690,0,0.00,Médio porte
PAULISTAS,4794,0,0.00,Pequeno porte
GUAXUPÉ,52234,0,0.00,Médio porte
DIVINÉSIA,3430,0,0.00,Pequeno porte
SÃO GOTARDO,36084,0,0.00,Médio porte
PESCADOR,4261,0,0.00,Pequeno porte
ENGENHEIRO NAVARRO,7240,0,0.00,Pequeno porte
FRANCISCÓPOLIS,5287,0,0.00,Pequeno porte
SALTO DA DIVISA,7014,0,0.00,Pequeno porte
PEDRA AZUL,24333,0,0.00,Médio porte
LIMEIRA DO OESTE,7640,0,0.00,Pequeno porte
SANTA CRUZ DO ESCALVADO,4693,0,0.00,Pequeno porte
GUARANI,8926,0,0.00,Pequeno porte
CRUZÍLIA,15529,0,0.00,Pequeno porte
ARICANDUVA,5305,0,0.00,Pequeno porte
CANA VERDE,5585,0,0.00,Pequeno porte
RAPOSOS,16501,0,0.00,Pequeno porte
BALDIM,7780,0,0.00,Pequeno porte
COQUEIRAL,9099,0,0.00,Pequeno porte
MATERLÂNDIA,4415,0,0.00,Pequeno porte
CONGONHAL,12209,0,0.00,Pequeno porte
ALPINÓPOLIS,20059,0,0.00,Médio porte
SANTA ROSA DA SERRA,3364,0,0.00,Pequeno porte
CALDAS,14600,0,0.00,Pequeno porte
TABULEIRO,3669,0,0.00,Pequeno porte
ANGELÂNDIA,8594,0,0.00,Pequeno porte
ITUIUTABA,105818,0,0.00,Grande porte
SÃO JOÃO DA MATA,2743,0,0.00,Pequeno porte
ARACITABA,2056,0,0.00,Pequeno porte
GONZAGA,6184,0,0.00,Pequeno porte
CAPELA NOVA,4616,0,0.00,Pequeno porte
SÃO GONÇALO DO PARÁ,12776,0,0.00,Pequeno porte
SANTO ANTÔNIO DO AVENTUREIRO,3602,0,0.00,Pequeno porte
CARMÓPOLIS DE MINAS,19756,0,0.00,Pequeno porte
MERCÊS,10775,0,0.00,Pequeno porte
JACINTO,12320,0,0.00,Pequeno porte
NAQUE,7104,0,0.00,Pequeno porte
ABADIA DOS DOURADOS,7022,0,0.00,Pequeno porte
GRÃO MOGOL,15943,0,0.00,Pequeno porte
SÃO GERALDO DA PIEDADE,3860,0,0.00,Pequeno porte
CURRAL DE DENTRO,7867,0,0.00,Pequeno porte
GAMELEIRAS,5084,0,0.00,Pequeno porte
PIRANGUÇU,5504,0,0.00,Pequeno porte
ROSÁRIO DA LIMEIRA,4648,0,0.00,Pequeno porte
SÃO JOÃO DEL REI,90897,0,0.00,Médio porte
PIEDADE DO RIO GRANDE,4436,0,0.00,Pequeno porte
CONCEIÇÃO DA BARRA DE MINAS,3939,0,0.00,Pequeno porte
INDIANÓPOLIS,7009,0,0.00,Pequeno porte
CAXAMBU,21566,0,0.00,Médio porte
CLARAVAL,4873,0,0.00,Pequeno porte
SANTA MARIA DO SUAÇUÍ,14607,0,0.00,Pequeno porte
SÃO JOÃO DO MANHUAÇU,11785,0,0.00,Pequeno porte
JUATUBA,27823,0,0.00,Médio porte
BOA ESPERANÇA,40308,0,0.00,Médio porte
PAIVA,1517,0,0.00,Pequeno porte
CHÁCARA,3216,0,0.00,Pequeno porte
SANTOS DUMONT,46357,0,0.00,Médio porte
SANTANA DO DESERTO,3985,0,0.00,Pequeno porte
AÇUCENA,9270,0,0.00,Pequeno porte
SERITINGA,1857,0,0.00,Pequeno porte
RODEIRO,8333,0,0.00,Pequeno porte
DOM CAVATI,5025,0,0.00,Pequeno porte
CAPIM BRANCO,9896,0,0.00,Pequeno porte
SANTANA DO GARAMBÉU,2494,0,0.00,Pequeno porte
IBIRACATU,5340,0,0.00,Pequeno porte
RIO ACIMA,10524,0,0.00,Pequeno porte
CÓRREGO DO BOM JESUS,3685,0,0.00,Pequeno porte
FLORESTAL,7602,0,0.00,Pequeno porte
NOVA BELÉM,3067,0,0.00,Pequeno porte
ITANHANDU,15511,0,0.00,Pequeno porte
GUIMARÂNIA,8168,0,0.00,Pequeno porte
GUIRICEMA,8296,0,0.00,Pequeno porte
SÃO LOURENÇO,46539,0,0.00,Médio porte
MARLIÉRIA,4030,0,0.00,Pequeno porte
CAPARAÓ,5464,0,0.00,Pequeno porte
CATUJI,6206,0,0.00,Pequeno porte
SANTA BÁRBARA,31873,0,0.00,Médio porte
CHALÉ,5695,0,0.00,Pequeno porte
ORIZÂNIA,8138,0,0.00,Pequeno porte
SANTA VITÓRIA,19997,0,0.00,Pequeno porte
SÃO MIGUEL DO ANTA,6949,0,0.00,Pequeno porte
MINAS NOVAS,31509,0,0.00,Médio porte
CARATINGA,93124,0,0.00,Médio porte
SABINÓPOLIS,15364,0,0.00,Pequeno porte
ITUTINGA,3749,0,0.00,Pequeno porte
IRAÍ DE MINAS,7067,0,0.00,Pequeno porte
CEDRO DO ABAETÉ,1150,0,0.00,Pequeno porte
SENADOR FIRMINO,7902,0,0.00,Pequeno porte
NOVA UNIÃO,5739,0,0.00,Pequeno porte
POTÉ,16675,0,0.00,Pequeno porte
MONTE SANTO DE MINAS,21504,0,0.00,Médio porte
SÃO PEDRO DA UNIÃO,4563,0,0.00,Pequeno porte
CAMPANHA,16855,0,0.00,Pequeno porte
JUIZ DE FORA,577532,0,0.00,Grande porte
LUMINÁRIAS,5431,0,0.00,Pequeno porte
ALTO CAPARAÓ,5938,0,0.00,Pequeno porte
PATROCÍNIO DO MURIAÉ,5744,0,0.00,Pequeno porte
DIVISÓPOLIS,11396,0,0.00,Pequeno porte
PATROCÍNIO,92116,0,0.00,Médio porte
OLIVEIRA,41987,0,0.00,Médio porte
SANTA MARIA DE ITABIRA,10867,0,0.00,Pequeno porte
MUZAMBINHO,20522,0,0.00,Médio porte
MAMONAS,6565,0,0.00,Pequeno porte
SENADOR AMARAL,5365,0,0.00,Pequeno porte
COMERCINHO,6624,0,0.00,Pequeno porte
PIEDADE DE CARATINGA,8832,0,0.00,Pequeno porte
ESPINOSA,31603,0,0.00,Médio porte
BANDEIRA,4738,0,0.00,Pequeno porte
LAJINHA,19914,0,0.00,Pequeno porte
ICARAÍ DE MINAS,12200,0,0.00,Pequeno porte
CÔNEGO MARINHO,7730,0,0.00,Pequeno porte
